,0,1,2,3,4,5,6,7,8,9,10
0,Marca temporal,Cuando ocurrió? (dia/mes/año | ej: 4/7/2020),Que plataformas ,"Si es Facebook, cual es su nombre?","Si es Telegram o Discod, cual es su usuario? (ej: @NicoSRE o NicoSre#1234)",Que acción se tomó?,Por que razón? (en pocas palabras),Subir pruebas (imagenes),,,
1,8/4/2020 22:36,8/4/2020,Telegram Empleos,*****,*****,Advertido,"Consulto sobre el estado de una oferta de trabajo, no respetando las reglas del grupo EMPLEO.",*****,*****,*****,*****
2,10/4/2020 18:53,10/4/2020,Telegram Empleos,*****,*****,Advertido,"Se advirtió que envio multiples ofertas con el mismo contenido, y se solicito que no lo haga mas!",*****,*****,*****,*****
3,13/04/2020 8:41:24,13/04/2020,Telegram Empleos,*****,*****,Advertido,se elimino link probable bot spam. tener en cuenta,*****,*****,*****,*****
4,14/04/2020 1:26:43,14/04/2020,Telegram Empleos,*****,*****,Advertido,Spam,*****,*****,*****,*****
5,15/04/2020 18:23:32,15/04/2020,Telegram Empleos,*****,*****,Advertido,Porque no tiene contacto directo,*****,*****,*****,*****
6,20/04/2020 22:16:20,20/04/2020,"Telegram General, Telegram Empleos",*****,*****,Eliminado,Spam por privado ofreciendo criptomonedas,*****,*****,*****,*****
7,21/04/2020 15:08:49,21/04/2020,Telegram Empleos,*****,*****,"Silenciado, quitado permisos de ""Enviar mensajes, Enviar multimedia, Incrustar Enlaces, Añadir Usuarios""","Spam del mismo mensaje. Ya tuvo advertencia de esto, que incumplió.",*****,*****,*****,*****
8,22/04/2020 12:13:14,22/04/2020,Telegram Empleos,*****,*****,Suspendido los mensajes por 1 semana,Por no cumplir las reglas y ofrecerse de tester,*****,*****,*****,*****
9,22/04/2020 18:59:51,22/04/2020,Telegram Empleos,*****,*****,Advertido,Por postulacion sin contacto directo,*****,*****,*****,*****
10,30/04/2020 16:19:16,30/04/2020,Telegram Empleos,*****,*****,Advertido,"Oferta de trabajo inapropiada, Dinero Online ",*****,*****,*****,*****
11,30/04/2020 21:12:44,30/04/2020,Telegram Empleos,*****,*****,Suspendido para enviar mensajes por una semana,Por publicar algo en contra de las reglas del grupo,*****,*****,*****,*****
12,4/5/2020 13:42,4/5/2020,Telegram Empleos,*****,*****,Eliminado,"Spam feo, ofreciendo prestamos",*****,*****,*****,*****
13,8/5/2020 20:57,8/5/2020,Telegram Empleos,*****,*****,Advertido,Publicar en Empleos comentarios indebidos,*****,*****,*****,*****
14,13/05/2020 20:33:45,13/05/2020,Telegram Empleos,*****,*****,Advertido,Repetir mensaje de oferta laboral casi diario,*****,*****,*****,*****
15,14/05/2020 16:13:35,14/05/2020,Telegram Empleos,*****,*****,Suspension de mensajes,Poner un mensaje no referido a una oferta laboral,*****,*****,*****,*****
16,19/05/2020 19:59:49,19/05/2020,Telegram Empleos,*****,*****,Advertido,Publicación no apta,*****,*****,*****,*****
17,21/05/2020 16:57:43,21/05/2020,Telegram Empleos,*****,*****,Eliminado,Spammer,*****,*****,*****,*****
18,23/05/2020 3:00:56,23/05/2020,Telegram Empleos,*****,*****,Suspendido una semana sin envio de mensajes,Por poner un hola habiendo visto las reglas del grupo,*****,*****,*****,*****
19,25/05/2020 14:11:20,25/05/2020,Telegram Empleos,*****,*****,Advertido,Realizó una publicación que.no correspondia al grupo,*****,*****,*****,*****
20,29/05/2020 16:04:51,29/05/2020,Telegram Empleos,*****,*****,Silenciado,Mensajes no laborales,*****,*****,*****,*****
21,29/05/2020 16:06:48,29/05/2020,Telegram Empleos,*****,*****,Silenciado,Mensaje que no era oferta laboral,*****,*****,*****,*****
22,30/05/2020 14:29:36,30/05/2020,Telegram General,*****,*****,Advertido,Oferto cuenta de Netflix a quien le escriba por privado,*****,*****,*****,*****
23,30/05/2020 16:38:25,30/05/2020,Telegram Empleos,*****,*****,Advertido,envianuna imágen fuera de las.normas del grupo empleo,*****,*****,*****,*****
24,31/05/2020 0:50:23,26/05/2020,Telegram Empleos,*****,*****,Advertido,respuesta no correspondiente a las reglas del grupo,*****,*****,*****,*****
25,1/6/2020 16:15,1/6/2020,Telegram Empleos,*****,*****,Advertido,"segunda advertencia, mensaje no correspondiente a las reglas de grupo",*****,*****,*****,*****
26,1/6/2020 20:57,1/6/2020,Telegram Empleos,*****,*****,Suspendido 1 semana,Por no ofertar trabajo,*****,*****,*****,*****
27,5/6/2020 18:02,5/6/2020,Telegram Empleos,*****,*****,Advertido,Spam,*****,*****,*****,*****
28,6/6/2020 19:02,6/6/2020,Telegram Empleos,*****,*****,Eliminado,Spam de estafa,*****,*****,*****,*****
29,8/6/2020 15:40,8/6/2020,Telegram Empleos,*****,*****,Eliminado,Ofertas engañosas,*****,*****,*****,*****
30,8/6/2020 17:56,8/6/2020,"Telegram General, Telegram Empleos",*****,*****,Eliminado,Spam por privado,*****,*****,*****,*****
31,10/6/2020 19:33,10/6/2020,Telegram Empleos,*****,*****,Eliminado,Vive en chile,*****,*****,*****,*****
32,11/6/2020 10:00,11/6/2020,Telegram Empleos,*****,*****,Se elimino el mensaje,"Por no cumplir condiciones de empleo, con contacto directo",*****,*****,*****,*****
33,15/06/2020 11:47:22,14/06/2020,Telegram Empleos,*****,*****,Advertido,"Publicar empleos de otros países, no responder msg privado ",*****,*****,*****,*****
34,21/06/2020 22:02:04,20/06/2020,Telegram Empleos,*****,*****,Advertido,oferta de trabajo fuera de Argentina u no cumple los requisitos ,*****,*****,*****,*****
35,22/06/2020 19:00:26,22/06/2020,Telegram Empleos,*****,*****,Eliminado,"Publicacion fuera de lugar, comaprtio una noticia",*****,*****,*****,*****
36,27/06/2020 14:34:46,27/06/2020,Telegram Empleos,*****,*****,Advertido,Consultas en el grupo de empleos,*****,*****,*****,*****
37,29/06/2020 14:15:30,28/06/2020,Telegram Empleos,*****,*****,Eliminado,Copartió un link pornográfico ,*****,*****,*****,*****
38,29/06/2020 15:16:22,29/06/2020,Telegram Empleos,*****,*****,Silenciado,Se equivocó compartiendo un link fuera de las reglas del grupo,*****,*****,*****,*****
39,29/06/2020 18:04:54,29/06/2020,Telegram Empleos,*****,*****,Silenciado,Pregunta fuera de contexto ,*****,*****,*****,*****
40,29/06/2020 18:06:20,29/06/2020,Telegram Empleos,*****,*****,Silenciado,Oferta no relacionada al rubro IT,*****,*****,*****,*****
41,30/06/2020 23:22:29,30/06/2020,Telegram Empleos,*****,*****,Advertido,Comentarios en el grupo de empleos.,*****,*****,*****,*****
42,1/7/2020 3:34,1/7/2020,Telegram Empleos,*****,*****,Eliminado,Escribir haciendose el chistoso,*****,*****,*****,*****
43,2/7/2020 17:42,2/7/2020,"Telegram General, Telegram Empleos",*****,*****,Eliminado,spam en 2 grupos,*****,*****,*****,*****
44,2/7/2020 21:32,2/7/2020,Telegram Empleos,*****,*****,Silenciado,"Comentario de /, supongo que se equivoco",*****,*****,*****,*****
45,8/7/2020 10:10,8/7/2020,Telegram General,*****,*****,Silenciado 1 dia,Postear en Empleos un mensajqe fuera de reglas,*****,*****,*****,*****
46,9/7/2020 11:03,9/7/2020,Telegram Empleos,*****,*****,Silenciado,Se equivocó de grupo para consultas offtopic,*****,*****,*****,*****
47,9/7/2020 11:04,9/7/2020,Telegram Empleos,*****,*****,Advertido,Contesto una consulta offtopic,*****,*****,*****,*****
48,9/7/2020 18:06,9/7/2020,Telegram Empleos,*****,*****,Silenciado,envío mensaje de.voz,*****,*****,*****,*****
49,9/7/2020 21:41,9/7/2020,Telegram Empleos,*****,*****,Advertido,Repost,*****,*****,*****,*****
50,9/7/2020 21:42,9/7/2020,Telegram Empleos,*****,*****,Silenciado,No respetar reglas en empleos,*****,*****,*****,*****
51,12/7/2020 20:29,12/7/2020,Telegram Empleos,*****,*****,Silenciado,público un mensaje de vídeo que no corresponde. silenciado 1 semana,*****,*****,*****,*****
52,13/07/2020 11:03:31,13/07/2020,Telegram Empleos,*****,*****,Silenciado,Pregunta por redes nuestras en empleos! Silenciado 1 semana,*****,*****,*****,*****
53,15/07/2020 20:50:07,15/07/2020,Telegram Empleos,*****,*****,Advertido,Postear empleo sin email directo ,*****,*****,*****,*****
54,16/07/2020 10:30:17,15/07/2020,FB,*****,*****,"Advertido, Activado Aprobacion de Mensajes",Postear contenido autobombo de sus videos no muy relacionados con IT,*****,*****,*****,*****
55,19/07/2020 19:01:30,19/07/2020,Telegram General,*****,*****,Eliminado,"videos y mensajes en idioma ni español, no sé sabe el contenido",*****,*****,*****,*****
56,20/07/2020 16:19:11,20/07/2020,Telegram Empleos,*****,*****,Advertido,Empleo sin formato apropiado,*****,*****,*****,*****
57,21/07/2020 15:19:18,21/07/2020,Telegram Empleos,*****,*****,Advertido,Mensaje sin cumplimiento de reglas,*****,*****,*****,*****
58,21/07/2020 20:15:49,21/07/2020,Telegram Empleos,*****,*****,Advertido,Comentarios en el grupo de empleos,*****,*****,*****,*****
59,21/07/2020 21:16:27,21/07/2020,Telegram Empleos,*****,*****,Silenciado,empleo mal redactado,*****,*****,*****,*****
60,30/07/2020 18:32:34,30/07/2020,Telegram Empleos,*****,*****,Silenciado,mensaje erróneo solicitando trabajo,*****,*****,*****,*****
61,30/07/2020 18:35:08,30/07/2020,Telegram Empleos,*****,*****,Silenciado,mensaje equivocado,*****,*****,*****,*****
62,5/8/2020 17:53,5/8/2020,Telegram Empleos,*****,*****,Eliminado,Video fuera de contexto,*****,*****,*****,*****
63,29/08/2020 20:29:50,29/08/2020,Telegram Empleos,*****,*****,No se encontró al usuario,Publicacion offtopic,*****,*****,*****,*****
64,29/08/2020 20:30:59,29/08/2020,Telegram Empleos,*****,*****,Advertido,Publicacion offtopic,*****,*****,*****,*****
65,12/9/2020 17:09,12/9/2020,Telegram Empleos,*****,*****,Advertido,Posteó su linkedin pidiendo trabajo,*****,*****,*****,*****
66,12/9/2020 17:11,12/9/2020,Telegram Empleos,*****,*****,Silenciado,Reclutadora que posteó su grupo de whatsapp en Empleos,*****,*****,*****,*****
67,18/09/2020 19:06:13,18/09/2020,Telegram Empleos,*****,*****,Advertido,Postear su comunidad en Telegram Empleos,*****,*****,*****,*****
68,21/09/2020 8:17:27,21/09/2020,Telegram Empleos,*****,*****,Eliminado,Spam promocionando servicios financieros por ML,*****,*****,*****,*****
69,23/09/2020 8:43:57,23/09/2020,Telegram Empleos,*****,*****,Advertido,Posteó un portal de empleos en vez de un mail de contacto directo,*****,*****,*****,*****
70,3/10/2020 20:40,3/10/2020,Telegram Empleos,*****,*****,Advertido,No tenia mail directo de contacto ni linkedin,*****,*****,*****,*****
71,7/10/2020 10:57,7/10/2020,Telegram Empleos,*****,*****,Advertido,Posteo una oferta custom sin mail de contacto ni condiciones de contratacion,*****,*****,*****,*****
72,10/10/2020 3:05,8/6/2020,Telegram Empleos,*****,*****,Eliminado,"No cuento con pics para mostrar, estoy rellenando la BD con todos los casos retrasados RNHIDALGO",*****,*****,*****,*****
73,10/10/2020 3:05,21/6/2020,Telegram Empleos,*****,*****,Eliminado,"No cuento con pics para mostrar, estoy rellenando la BD con todos los casos retrasados RNHIDALGO",*****,*****,*****,*****
74,10/10/2020 3:05,22/6/2020,Telegram Empleos,*****,*****,Silenciado,"No cuento con pics para mostrar, estoy rellenando la BD con todos los casos retrasados RNHIDALGO",*****,*****,*****,*****
75,10/10/2020 3:05,22/6/2020,Telegram Empleos,*****,*****,Silenciado,"No cuento con pics para mostrar, estoy rellenando la BD con todos los casos retrasados RNHIDALGO",*****,*****,*****,*****
76,10/10/2020 3:05,22/6/2020,Telegram Empleos,*****,*****,Silenciado,"No cuento con pics para mostrar, estoy rellenando la BD con todos los casos retrasados RNHIDALGO",*****,*****,*****,*****
77,10/10/2020 3:05,17/7/2020,Telegram Empleos,*****,*****,Silenciado,"No cuento con pics para mostrar, estoy rellenando la BD con todos los casos retrasados RNHIDALGO",*****,*****,*****,*****
78,10/10/2020 3:05,18/7/2020,Telegram Empleos,*****,*****,Silenciado,"No cuento con pics para mostrar, estoy rellenando la BD con todos los casos retrasados RNHIDALGO",*****,*****,*****,*****
79,10/10/2020 3:05,18/7/2020,Telegram Empleos,*****,*****,Silenciado,"No cuento con pics para mostrar, estoy rellenando la BD con todos los casos retrasados RNHIDALGO",*****,*****,*****,*****
80,10/10/2020 3:05,23/7/2020,Telegram Empleos,*****,*****,Silenciado,"No cuento con pics para mostrar, estoy rellenando la BD con todos los casos retrasados RNHIDALGO",*****,*****,*****,*****
81,10/10/2020 3:05,2/8/2020,Telegram Empleos,*****,*****,Silenciado,"No cuento con pics para mostrar, estoy rellenando la BD con todos los casos retrasados RNHIDALGO",*****,*****,*****,*****
82,10/10/2020 3:05,2/8/2020,Telegram Empleos,*****,*****,Silenciado,"No cuento con pics para mostrar, estoy rellenando la BD con todos los casos retrasados RNHIDALGO",*****,*****,*****,*****
83,10/10/2020 3:05,12/8/2020,Telegram Empleos,*****,*****,Silenciado,"No cuento con pics para mostrar, estoy rellenando la BD con todos los casos retrasados RNHIDALGO",*****,*****,*****,*****
84,10/10/2020 3:05,17/8/2020,Telegram Empleos,*****,*****,Silenciado,"No cuento con pics para mostrar, estoy rellenando la BD con todos los casos retrasados RNHIDALGO",*****,*****,*****,*****
85,10/10/2020 3:05,18/8/2020,Telegram Empleos,*****,*****,Silenciado,"No cuento con pics para mostrar, estoy rellenando la BD con todos los casos retrasados RNHIDALGO",*****,*****,*****,*****
86,10/10/2020 3:05,30/8/2020,Telegram Empleos,*****,*****,Silenciado,"No cuento con pics para mostrar, estoy rellenando la BD con todos los casos retrasados RNHIDALGO",*****,*****,*****,*****
87,10/10/2020 3:05,31/8/2020,Telegram Empleos,*****,*****,Silenciado,"No cuento con pics para mostrar, estoy rellenando la BD con todos los casos retrasados RNHIDALGO",*****,*****,*****,*****
88,10/10/2020 3:05,2/9/2020,Telegram Empleos,*****,*****,Silenciado,"No cuento con pics para mostrar, estoy rellenando la BD con todos los casos retrasados RNHIDALGO",*****,*****,*****,*****
89,10/10/2020 3:05,3/9/2020,Telegram Empleos,*****,*****,Silenciado,"No cuento con pics para mostrar, estoy rellenando la BD con todos los casos retrasados RNHIDALGO",*****,*****,*****,*****
90,10/10/2020 3:05,4/9/2020,Telegram Empleos,*****,*****,Silenciado,"No cuento con pics para mostrar, estoy rellenando la BD con todos los casos retrasados RNHIDALGO",*****,*****,*****,*****
91,10/10/2020 3:05,5/9/2020,Telegram Empleos,*****,*****,Silenciado,"No cuento con pics para mostrar, estoy rellenando la BD con todos los casos retrasados RNHIDALGO",*****,*****,*****,*****
92,10/10/2020 3:05,7/9/2020,Telegram Empleos,*****,*****,Silenciado,"No cuento con pics para mostrar, estoy rellenando la BD con todos los casos retrasados RNHIDALGO",*****,*****,*****,*****
93,10/10/2020 3:05,12/9/2020,Telegram Empleos,*****,*****,Silenciado,"No cuento con pics para mostrar, estoy rellenando la BD con todos los casos retrasados RNHIDALGO",*****,*****,*****,*****
94,10/10/2020 3:05,14/9/2020,Telegram Empleos,*****,*****,Silenciado,"No cuento con pics para mostrar, estoy rellenando la BD con todos los casos retrasados RNHIDALGO",*****,*****,*****,*****
95,10/10/2020 3:05,15/9/2020,Telegram Empleos,*****,*****,Silenciado,"No cuento con pics para mostrar, estoy rellenando la BD con todos los casos retrasados RNHIDALGO",*****,*****,*****,*****
96,10/10/2020 3:05,18/9/2020,Telegram Empleos,*****,*****,Silenciado,"No cuento con pics para mostrar, estoy rellenando la BD con todos los casos retrasados RNHIDALGO",*****,*****,*****,*****
97,10/10/2020 3:05,25/9/2020,Telegram Empleos,*****,*****,Silenciado,"No cuento con pics para mostrar, estoy rellenando la BD con todos los casos retrasados RNHIDALGO",*****,*****,*****,*****
98,10/10/2020 3:05,1/10/2020,Telegram Empleos,*****,*****,Silenciado,"No cuento con pics para mostrar, estoy rellenando la BD con todos los casos retrasados RNHIDALGO",*****,*****,*****,*****
99,10/10/2020 3:05,1/10/2020,Telegram Empleos,*****,*****,Silenciado,"No cuento con pics para mostrar, estoy rellenando la BD con todos los casos retrasados RNHIDALGO",*****,*****,*****,*****
100,10/10/2020 3:05,1/10/2020,Telegram Empleos,*****,*****,Silenciado,"No cuento con pics para mostrar, estoy rellenando la BD con todos los casos retrasados RNHIDALGO",*****,*****,*****,*****
101,10/10/2020 3:05,2/10/2020,Telegram Empleos,*****,*****,Silenciado,"No cuento con pics para mostrar, estoy rellenando la BD con todos los casos retrasados RNHIDALGO",*****,*****,*****,*****
102,10/10/2020 3:05,2/10/2020,Telegram Empleos,*****,*****,Silenciado,"No cuento con pics para mostrar, estoy rellenando la BD con todos los casos retrasados RNHIDALGO",*****,*****,*****,*****
103,10/10/2020 3:05,5/10/2020,Telegram Empleos,*****,*****,Silenciado,"No cuento con pics para mostrar, estoy rellenando la BD con todos los casos retrasados RNHIDALGO",*****,*****,*****,*****
104,10/10/2020 3:05,6/10/2020,Telegram Empleos,*****,*****,Silenciado,"No cuento con pics para mostrar, estoy rellenando la BD con todos los casos retrasados RNHIDALGO",*****,*****,*****,*****
105,10/10/2020 3:05,10/10/2020,Telegram Empleos,*****,*****,Silenciado,"No cuento con pics para mostrar, estoy rellenando la BD con todos los casos retrasados RNHIDALGO",*****,*****,*****,*****
106,10/10/2020 3:05,10/10/2020,Telegram Empleos,*****,*****,Silenciado,"No cuento con pics para mostrar, estoy rellenando la BD con todos los casos retrasados RNHIDALGO",*****,*****,*****,*****
107,10/10/2020 3:05,10/10/2020,Telegram Empleos,*****,*****,Silenciado,"No cuento con pics para mostrar, estoy rellenando la BD con todos los casos retrasados RNHIDALGO",*****,*****,*****,*****
108,10/10/2020 3:05,10/10/2020,Telegram Empleos,*****,*****,Silenciado,"No cuento con pics para mostrar, estoy rellenando la BD con todos los casos retrasados RNHIDALGO",*****,*****,*****,*****
109,10/10/2020 14:23,10/10/2020,Telegram Empleos,*****,*****,Eliminado,desubicado que luego de advertencia insulta al admin,*****,*****,*****,*****
110,11/10/2020 23:01,11/10/2020,Telegram Empleos,*****,*****,Advertido,Publicación sin mail de contacto ,*****,*****,*****,*****
111,12/10/2020 13:19,12/10/2020,Telegram Empleos,*****,*****,Silenciado,silenciado 1 semana por.poner un link que no corresponde,*****,*****,*****,*****
112,16/10/2020 14:16:44,16/10/2020,Telegram Empleos,*****,*****,Eliminado,link a una web externa sin relación a empleos,*****,*****,*****,*****
113,18/10/2020 11:38:38,17/10/2020,FB,*****,*****,Advertido,(MENSAJE BORRADO) Compartió link de procedencia rara. Pregunté por privado que explique que es.,*****,*****,*****,*****
114,23/10/2020 18:27:15,23/10/2020,Telegram Empleos,*****,*****,Silenciado,silenciado por hablar en el grupo de empleos,*****,*****,*****,*****
115,23/10/2020 19:10:41,23/10/2020,Discord,*****,*****,Silenciado,Comento sobre empleos JR o Trainee en el canal de empleos en Discord,*****,*****,*****,*****
116,23/10/2020 23:02:17,23/10/2020,Telegram Empleos,*****,*****,Eliminado,"link de procedencia dudosa, quieres ser tu jefe?",*****,*****,*****,*****
117,24/10/2020 19:16:55,24/10/2020,Telegram Empleos,*****,*****,Eliminado,Por publicar spam,*****,*****,*****,*****
118,31/10/2020 22:38:07,31/10/2020,FB,*****,*****,Advertido,Autobombo,*****,*****,*****,*****
119,4/11/2020 8:21,4/11/2020,Discord,*****,*****,Advertido,"Posteó en Discord, en la seccion Empleos, con un mensaje no permitido",*****,*****,*****,*****
120,4/11/2020 11:04,4/11/2020,Telegram Empleos,*****,*****,Silenciado,ayudaba a.resolver CAPTCHA,*****,*****,*****,*****
121,5/11/2020 22:28,5/11/2020,Telegram Empleos,*****,*****,Silenciado,por enviar un mensaje que rompe las reglas de Deployar empleos,*****,*****,*****,*****
122,6/11/2020 15:18,2/11/2020,Telegram Empleos,*****,*****,Advertido,Spam de la misma oferta hace varios dias,*****,*****,*****,*****
123,8/11/2020 20:27,8/11/2020,Telegram Empleos,*****,*****,Eliminado,spam de app,*****,*****,*****,*****
124,9/11/2020 9:45,9/11/2020,Telegram Empleos,*****,*****,Silenciado,link fuera de las políticas de empleos. ,*****,*****,*****,*****
125,10/11/2020 23:41,10/11/2020,Telegram Empleos,*****,*****,Eliminado,Toco el boton de un bot en conjunto con otras personas,*****,*****,*****,*****
126,10/11/2020 23:41,10/11/2020,Telegram Empleos,*****,*****,Eliminado,Toco el boton de un bot en conjunto con otras personas,*****,*****,*****,*****
127,10/11/2020 23:41,10/11/2020,Telegram Empleos,*****,*****,Eliminado,Toco el boton de un bot en conjunto con otras personas,*****,*****,*****,*****
128,10/11/2020 23:41,10/11/2020,Telegram Empleos,*****,*****,Eliminado,Toco el boton de un bot en conjunto con otras personas,*****,*****,*****,*****
129,10/11/2020 23:41,10/11/2020,Telegram Empleos,*****,*****,Eliminado,Toco el boton de un bot en conjunto con otras personas,*****,*****,*****,*****
130,10/11/2020 23:41,10/11/2020,Telegram Empleos,*****,*****,Eliminado,Toco el boton de un bot en conjunto con otras personas,*****,*****,*****,*****
131,10/11/2020 23:41,10/11/2020,Telegram Empleos,*****,*****,Eliminado,Toco el boton de un bot en conjunto con otras personas,*****,*****,*****,*****
132,10/11/2020 23:41,10/11/2020,Telegram Empleos,*****,*****,Advertido,Escribir sin querer en el chat empleos,*****,*****,*****,*****
133,10/11/2020 23:41,10/11/2020,Telegram Empleos,*****,*****,Eliminado,Toco el boton de un bot en conjunto con otras personas,*****,*****,*****,*****
134,10/11/2020 23:41,10/11/2020,Telegram Empleos,*****,*****,Eliminado,Toco el boton de un bot en conjunto con otras personas,*****,*****,*****,*****
135,10/11/2020 23:41,10/11/2020,Telegram Empleos,*****,*****,Eliminado,Toco el boton de un bot en conjunto con otras personas,*****,*****,*****,*****
136,10/11/2020 23:41,10/11/2020,Telegram Empleos,*****,*****,Eliminado,Toco el boton de un bot en conjunto con otras personas,*****,*****,*****,*****
137,10/11/2020 23:41,10/11/2020,Telegram Empleos,*****,*****,Eliminado,Toco el boton de un bot en conjunto con otras personas,*****,*****,*****,*****
138,10/11/2020 23:41,10/11/2020,Telegram Empleos,*****,*****,Eliminado,Toco el boton de un bot en conjunto con otras personas,*****,*****,*****,*****
139,10/11/2020 23:41,10/11/2020,Telegram Empleos,*****,*****,Eliminado,Toco el boton de un bot en conjunto con otras personas,*****,*****,*****,*****
140,10/11/2020 23:41,10/11/2020,Telegram Empleos,*****,*****,Eliminado,Toco el boton de un bot en conjunto con otras personas,*****,*****,*****,*****
141,10/11/2020 23:41,10/11/2020,Telegram Empleos,*****,*****,Eliminado,Toco el boton de un bot en conjunto con otras personas,*****,*****,*****,*****
142,10/11/2020 23:41,10/11/2020,Telegram Empleos,*****,*****,Eliminado,Toco el boton de un bot en conjunto con otras personas,*****,*****,*****,*****
143,10/11/2020 23:41,10/11/2020,Telegram Empleos,*****,*****,Eliminado,Toco el boton de un bot en conjunto con otras personas,*****,*****,*****,*****
144,10/11/2020 23:41,10/11/2020,Telegram Empleos,*****,*****,Eliminado,Toco el boton de un bot en conjunto con otras personas,*****,*****,*****,*****
145,10/11/2020 23:41,10/11/2020,Telegram Empleos,*****,*****,Eliminado,Toco el boton de un bot en conjunto con otras personas,*****,*****,*****,*****
146,10/11/2020 23:41,10/11/2020,Telegram Empleos,*****,*****,Eliminado,Toco el boton de un bot en conjunto con otras personas,*****,*****,*****,*****
147,11/11/2020 1:22,11/11/2020,Telegram Empleos,*****,*****,Silenciado,responde una oferta de trabajo,*****,*****,*****,*****
148,11/11/2020 13:05,11/11/2020,Telegram Empleos,*****,*****,Advertido,Posteo trabajo sin email de contacto,*****,*****,*****,*****
149,16/11/2020 18:50:43,16/11/2020,FB,*****,*****,Advertido,Compartio una meet en el grupo sin decir de que era ni porqué,*****,*****,*****,*****
150,16/11/2020 22:04:54,16/11/2020,FB,*****,*****,Eliminado,Autobombo sobre contenido no IT (venta de criptomonedas),*****,*****,*****,*****
151,16/11/2020 22:20:36,16/11/2020,Telegram Empleos,*****,*****,Eliminado,hablo apenas entró la grupo quejándose de las reglas o ironizando sobre ellaa,*****,*****,*****,*****
152,17/11/2020 11:22:12,17/11/2020,Telegram Empleos,*****,*****,Eliminado,consulto una publicación sobre elmmisno grupo,*****,*****,*****,*****
153,17/11/2020 13:35:50,17/11/2020,Telegram Empleos,*****,*****,Eliminado,3 mensajes seguidos preguntando por otro grupo de empleos,*****,*****,*****,*****
154,17/11/2020 22:07:49,17/11/2020,Telegram Empleos,*****,*****,Silenciado,Comenta con ironia busqueda laboral,*****,*****,*****,*****
155,18/11/2020 14:11:02,18/11/2020,Telegram Empleos,*****,*****,Silenciado,Compartió oferta de empleo sin contacto en FB,*****,*****,*****,*****
156,18/11/2020 17:54:34,18/11/2020,Telegram Empleos,*****,*****,Eliminado,Boconeando y exigiendo que se manipule a su gusto cuando están especificas las reglas,*****,*****,*****,*****
157,23/11/2020 15:19:35,23/11/2020,Telegram Empleos,*****,*****,Eliminado,oferta de bitcoins ,*****,*****,*****,*****
158,24/11/2020 20:13:08,24/11/2020,Telegram Empleos,*****,*****,Silenciado,respuesta a una oferta de trabajo,*****,*****,*****,*****
159,24/11/2020 20:16:08,24/11/2020,Telegram Empleos,*****,*****,Silenciado,respuesta a pregunta de oferta que postulo,*****,*****,*****,*****
160,24/11/2020 20:17:07,24/11/2020,Telegram Empleos,*****,*****,Silenciado,auto Replay de una oferta anterior,*****,*****,*****,*****
161,24/11/2020 23:30:09,24/11/2020,Telegram Empleos,*****,*****,Silenciado,Respondieron a una publicación de empleo fuera de lugar,*****,*****,*****,*****
162,28/11/2020 23:32:26,28/11/2020,Discord,*****,*****,Advertido,Mensaje que no siguió las reglas,*****,*****,*****,*****
163,29/11/2020 20:57:40,29/11/2020,Telegram Empleos,*****,*****,suspendido,Spam en el grupo de trabajos,*****,*****,*****,*****
164,1/12/2020 13:59,1/12/2020,Telegram Empleos,*****,*****,Silenciado,hablo en el grupo,*****,*****,*****,*****
165,1/12/2020 21:18,1/12/2020,Telegram Empleos,*****,*****,Advertido,2da vez que posteó sin explicitamente marcar un mail,*****,*****,*****,*****
166,1/12/2020 21:19,1/12/2020,Telegram Empleos,*****,*****,Silenciado,Posteo de pregunta en Empleos ,*****,*****,*****,*****
167,2/12/2020 19:14,2/12/2020,Telegram Empleos,*****,*****,Silenciado,Consultas en el grupo de empleos,*****,*****,*****,*****
168,5/12/2020 19:36,12/5/2020,Telegram Empleos,*****,*****,Eliminado,"Posteó oferta de ""gana dinero viendo videos""",*****,*****,*****,*****
169,8/12/2020 19:35,8/12/2020,Telegram Empleos,*****,*****,Se eliminó solo la publicación ,Porque no posee contacto directo,*****,*****,*****,*****
170,11/12/2020 15:10,11/12/2020,Telegram Empleos,*****,*****,Silenciado,Spam de sitio de trabajo,*****,*****,*****,*****
171,12/12/2020 11:54,12/12/2020,Telegram Empleos,*****,*****,Advertido,Publicó un curso Udemy en Empleos,*****,*****,*****,*****
172,14/12/2020 11:29:18,14/12/2020,Discord,*****,*****,Advertido,Meme que puede herir la sensibilidad de unas personas.,*****,*****,*****,*****
173,14/12/2020 19:04:43,14/12/2020,Telegram Empleos,*****,*****,Eliminé publicación ,"No tiene contacto directo, son forms",*****,*****,*****,*****
174,18/12/2020 12:06:04,17/12/2020,"Discord, Telegram Empleos",*****,*****,Eliminado,Imagen desubicada,*****,*****,*****,*****
175,20/12/2020 0:59:31,20/12/2020,Telegram Empleos,*****,*****,Silenciado,conversó en el grupo de empleos,*****,*****,*****,*****
176,20/12/2020 11:48:14,20/12/2020,Telegram Empleos,*****,*****,Advertido,Publicación incompleta,*****,*****,*****,*****
177,20/12/2020 11:50:27,20/12/2020,Telegram Empleos,*****,*****,Silenciado,Responder a una propuesta,*****,*****,*****,*****
178,22/12/2020 8:07:08,22/12/2020,Telegram Empleos,*****,*****,Eliminado,Spam,*****,*****,*****,*****
179,22/12/2020 10:59:44,22/12/2020,Telegram Empleos,*****,*****,Advertido,Se postuló a una oferta por el grupo,*****,*****,*****,*****
180,5/1/2021 0:54,5/1/2021,Telegram Empleos,*****,*****,Advertido,En el aviso no hay una forma de contacto directo.,*****,*****,*****,*****
181,5/1/2021 0:58,5/1/2021,Telegram Empleos,*****,*****,Advertido,Aviso laboral sin forma de contacto con el recruiter.,*****,*****,*****,*****
182,7/1/2021 18:15,7/1/2021,Telegram Empleos,*****,*****,Advertido,Comentario en el grupo de empleos,*****,*****,*****,*****
183,7/1/2021 21:58,7/1/2021,Telegram Empleos,*****,*****,Advertido,Comentarios en empleos. @leanfen aparece como Dani Garcia,*****,*****,*****,*****
184,7/1/2021 21:59,7/1/2021,Telegram Empleos,*****,*****,Silenciado,Comentario en el grupo de empleos.,*****,*****,*****,*****
185,7/1/2021 22:00,7/1/2021,Telegram Empleos,*****,*****,Silenciado,Comentarios en el grupo de empleos,*****,*****,*****,*****
186,12/1/2021 18:56,12/1/2021,Telegram Empleos,*****,*****,Silenciado,Comentarios en empleos,*****,*****,*****,*****
187,14/01/2021 19:40:12,14/01/2021,Telegram Empleos,*****,*****,Eliminado,"Postear ""trabajo"" para cuevas",*****,*****,*****,*****
188,15/01/2021 23:00:02,15/01/2021,Telegram Empleos,*****,*****,Eliminado,Spam,*****,*****,*****,*****
189,16/01/2021 19:40:29,16/01/2021,Telegram Empleos,*****,*****,Silenciado,Consulta fuera de lugar recién ingresado,*****,*****,*****,*****
190,16/01/2021 20:45:50,16/01/2021,Telegram Empleos,*****,*****,Eliminado,Pidió trabajo de manera irónica ,*****,*****,*****,*****
191,17/01/2021 23:14:03,17/01/2021,Telegram Empleos,*****,*****,Silenciado,Publicidad,*****,*****,*****,*****
192,18/01/2021 15:39:48,18/01/2021,Telegram Empleos,*****,*****,Silenciado,respondió una oferta de trabajo,*****,*****,*****,*****
193,20/01/2021 15:33:57,20/01/2021,Telegram Empleos,*****,*****,Eliminado,Spam de negocio parecido a ser tu propio jefe,*****,*****,*****,*****
194,20/01/2021 22:26:52,20/01/2021,Telegram Empleos,*****,*****,Silenciado,mensaje buscando trabajo freelance.,*****,*****,*****,*****
195,23/01/2021 3:51:58,23/01/2021,Telegram Empleos,*****,*****,Eliminado,Spam se tu propio jefe,*****,*****,*****,*****
196,25/01/2021 12:08:48,25/01/2021,Telegram Empleos,*****,*****,Silenciado,Comentario buscando trabajo,*****,*****,*****,*****
197,26/01/2021 5:09:18,26/01/2021,Telegram Empleos,*****,*****,Silenciado,no corresponde la oferta,*****,*****,*****,*****
198,26/01/2021 5:10:40,26/01/2021,Telegram Empleos,*****,*****,Silenciado,hablo en el grupo diciendo hola,*****,*****,*****,*****
199,26/01/2021 12:19:19,26/01/2021,Telegram Empleos,*****,*****,Silenciado,Comentario haciendo consultas...,*****,*****,*****,*****
200,26/01/2021 22:46:24,26/01/2021,Telegram Empleos,*****,*****,Silenciado,hablo en el grupo sobre una oferta,*****,*****,*****,*****
201,26/01/2021 22:48:21,26/01/2021,Telegram Empleos,*****,*****,Silenciado,respondió una consulta de oferta,*****,*****,*****,*****
202,27/01/2021 17:44:56,27/01/2021,Telegram Empleos,*****,*****,Silenciado,comentarios en el grupo de empleos,*****,*****,*****,*****
203,27/01/2021 17:45:37,27/01/2021,Telegram Empleos,*****,*****,Silenciado,Comentarios en el grupo de empleos,*****,*****,*****,*****
204,28/01/2021 11:56:34,28/01/2021,Telegram Empleos,*****,*****,Silenciado,Comentario en el grupo de empleo,*****,*****,*****,*****
205,29/01/2021 15:06:33,29/01/2021,Telegram Empleos,*****,*****,Silenciado,Consulta off topic,*****,*****,*****,*****
206,30/01/2021 15:08:23,30/01/2021,Telegram Empleos,*****,*****,Eliminado,Spam de ofertas falsas,*****,*****,*****,*****
207,31/01/2021 18:36:03,31/01/2021,Telegram Empleos,*****,*****,Eliminado,Intentar ejecutar acciones en el grupo,*****,*****,*****,*****
208,1/2/2021 13:27,1/2/2021,Telegram Empleos,*****,*****,Silenciado,Comentario sobre ofertas,*****,*****,*****,*****
209,2/2/2021 21:18,2/2/2021,Telegram Empleos,*****,*****,Silenciado,intento avisar por el grupo sobre para que sirve el mismo luego de que pidieron trabajo de seguridad o limpieza,*****,*****,*****,*****
210,2/2/2021 21:20,2/2/2021,Telegram Empleos,*****,*****,Silenciado,pidio trabajo de seguridad o limpieza,*****,*****,*****,*****
211,2/2/2021 21:24,2/2/2021,Telegram Empleos,*****,*****,Silenciado,respondio una oferta de trabajo,*****,*****,*****,*****
212,5/2/2021 21:30,2/5/2021,Telegram Empleos,*****,*****,Silenciado,Spam,*****,*****,*****,*****
213,5/2/2021 21:31,5/2/2021,Telegram Empleos,*****,*****,Silenciado,Spam,*****,*****,*****,*****
214,5/2/2021 21:32,5/2/2021,Telegram Empleos,*****,*****,Silenciado,Spam,*****,*****,*****,*****
215,5/2/2021 21:32,5/2/2021,Telegram Empleos,*****,*****,Silenciado,Spam,*****,*****,*****,*****
216,5/2/2021 21:33,5/2/2021,Telegram Empleos,*****,*****,Silenciado,Spam,*****,*****,*****,*****
217,6/2/2021 11:43,6/2/2021,Telegram Empleos,*****,*****,Eliminado,Por querer tocar el bot ,*****,*****,*****,*****
218,6/2/2021 11:54,6/2/2021,Telegram Empleos,*****,*****,Eliminado,"Tocaron el bot y luego borraron el mensaje, pero en discord quedó. ",*****,*****,*****,*****
219,6/2/2021 13:21,6/2/2021,Telegram Empleos,*****,*****,Eliminado,Enviar comandos al bot,*****,*****,*****,*****
220,6/2/2021 15:29,6/2/2021,Telegram Empleos,*****,*****,Silenciado,pidió trabajo,*****,*****,*****,*****
221,7/2/2021 13:52,7/2/2021,Telegram Empleos,*****,*****,Eliminado,Por busqueda de manipulación del bot ,*****,*****,*****,*****
222,10/2/2021 18:47,10/2/2021,Telegram Empleos,*****,*****,Eliminado,Propuesta spam,*****,*****,*****,*****
223,21/02/2021 3:30:50,21/02/2021,Telegram Empleos,*****,*****,BAN,Scammer,*****,*****,*****,*****
224,21/02/2021 19:41:26,21/02/2021,Telegram Empleos,*****,*****,Silenciado,Preguntas no referidas a trabajo,*****,*****,*****,*****
225,22/02/2021 16:28:27,22/02/2021,Telegram Empleos,*****,*****,Silenciado,Publicación no laboral,*****,*****,*****,*****
226,23/02/2021 18:59:30,23/02/2021,Telegram Empleos,*****,*****,Silenciado,Consulta dentro del grupo,*****,*****,*****,*****
227,4/3/2021 13:22,3/4/2021,Telegram Empleos,*****,*****,Eliminado,Spam con virus,*****,*****,*****,*****
228,4/3/2021 14:25,4/3/2021,Telegram Empleos,*****,*****,Silenciado,Spam,*****,*****,*****,*****
229,7/3/2021 17:01,7/3/2021,Telegram Empleos,*****,*****,Advertido,Tiro comandos en Empleos,*****,*****,*****,*****
230,7/3/2021 22:52,7/3/2021,Telegram Empleos,*****,*****,Eliminado,Spam empelo no IT,*****,*****,*****,*****
231,9/3/2021 10:40,9/3/2021,Telegram Empleos,*****,*****,Eliminado,Spam querés ser tu propio jefe,*****,*****,*****,*****
232,10/3/2021 1:20,10/3/2021,Telegram Empleos,*****,*****,Silenciado,Buscaba empleo.,*****,*****,*****,*****
233,11/3/2021 21:52,11/3/2021,Telegram Empleos,*****,*****,Eliminado,Spam trabajo para no argentina,*****,*****,*****,*****
234,12/3/2021 16:39,12/3/2021,Telegram Empleos,*****,*****,Eliminado,"Spam de ""quieres ser tu propio jefe""",*****,*****,*****,*****
235,13/03/2021 12:24:21,13/03/2021,Telegram Empleos,*****,*****,Silenciado,Tiro comandos de bot,*****,*****,*****,*****
236,13/03/2021 12:25:11,13/03/2021,Telegram Empleos,*****,*****,Silenciado,Tiro comandos de bot,*****,*****,*****,*****
237,13/03/2021 12:25:50,13/03/2021,Telegram Empleos,*****,*****,Silenciado,Tiro comandos de bot,*****,*****,*****,*****
238,13/03/2021 12:26:33,13/03/2021,Telegram Empleos,*****,*****,Silenciado,Tiro comandos de bot,*****,*****,*****,*****
239,13/03/2021 12:27:26,13/03/2021,Telegram Empleos,*****,*****,Silenciado,Tiro comandos de bot,*****,*****,*****,*****
,,,,,,,,*****,*****,*****,*****
